{
  "label": "Parent",
  "children": [
    {
      "label": "1",
      "children": []
    },
    {
      "label": "2",
      "children": [
        {
          "label": "2.1",
          "children": []
        },
        {
          "label": "2.2",
          "children": []
        }
      ]
    },
    {
      "label": "3",
      "children": [
        {
          "label": "3.1",
          "children": [
            {
              "label": "3.1.1",
              "children": []
            }
          ]
        }
      ]
    }
  ]
}